dataset,zero_index_left,zero_index_right,q_geometric,gap_delta,G_local,gbar_local,tail_G_upper,G_total_upper,gbar_upper,margin_to_0_8,still_below_0_8,tail_label,claim_strength,tail_claim_strength,rigor_level,precision_note
around_1e12,1000000008625,1000000008626,1.25,0.0055569683,45.4179904624241448966040193559882092410308421076677973430924,0.00140250285322011464204729649790972937367901950985678572171099,1.321878324309634860599509012906368976429,46.7398687867337797572035283688945782174598421076677973430924,0.00144332231930785168679117078419779163067710335398708925952099,0.798556677680692148313208829215802208369322896646012910740479,True,explicit-style conservative estimate,CONDITIONAL_STATEMENT,EXPLICIT_STYLE_BOUND,explicit_style,Use base+offset arithmetic; displayed offsets are the trusted gap source.
